price,bedrooms,bathrooms,area_sqft,house_age_years,latitude,longitude,dist_to_center_km,dist_to_school_km,dist_to_park_km,neighborhood
3000000,4,2,3437,4,33.58745,73.08982,2.84,2.79,0.12,G-11
3000000,5,3,1900,12,33.64507,73.07361,4.97,2.72,1.22,F-10
3000000,3,1,3356,28,33.6232,73.05095,3.13,4.27,2.4,PWD
3000000,5,2,1240,27,33.60987,73.10138,3.85,4.23,1.83,F-10
3000000,5,2,1720,24,33.5656,73.08847,4.52,4.2,0.39,Bahria Town
3000000,4,3,1569,10,33.5656,73.03626,5.25,0.25,2.56,Bahria Town
3000000,5,1,2143,23,33.55581,73.11109,6.91,3.8,1.64,PWD
3000000,4,2,2626,25,33.63662,73.10225,5.52,3.84,2.54,Bahria Town
3000000,2,1,1062,21,33.61011,73.11498,5.33,3.46,1.78,Saddar
3000000,2,2,2377,29,33.62081,73.09257,3.53,3.83,1.72,F-10
3000000,4,1,3484,26,33.55206,73.08134,5.6,4.24,0.41,F-10
3000000,2,3,3306,20,33.64699,73.06182,5.18,2.46,0.59,PWD
3000000,3,2,1798,24,33.63324,73.11327,6.2,2.61,2.92,Bahria Town
3000000,5,2,1499,25,33.57123,73.10661,5.4,0.8,0.76,DHA
3000000,3,1,3149,13,33.56818,73.02452,6.02,2.05,2.93,G-11
3000000,5,1,2403,23,33.56834,73.02264,6.18,3.29,1.64,G-11
3000000,2,2,2041,14,33.58042,73.05765,2.52,3.95,0.49,F-10
3000000,3,3,1925,23,33.60248,73.10106,3.69,1.24,0.39,PWD
3000000,2,1,3401,5,33.59319,73.11873,5.7,0.86,0.71,PWD
3000000,5,1,3135,4,33.57912,73.03504,4.36,3.38,2.78,Saddar
3000000,4,1,1990,14,33.61119,73.07941,1.73,0.21,1.3,Gulberg
3000000,4,2,3468,10,33.56395,73.05809,4.22,1.06,1.25,Gulberg
3000000,3,2,1805,17,33.57921,73.11699,5.95,0.34,1.01,F-10
3000000,2,2,835,10,33.58664,73.10421,4.32,1.0,0.53,G-11
3000000,2,2,1543,26,33.59561,73.10383,4.03,1.07,1.51,Saddar
3000000,3,3,2564,7,33.62852,73.06687,3.09,2.06,0.48,Saddar
3000000,4,3,1152,16,33.56997,73.06148,3.48,2.13,2.52,Saddar
3000000,5,2,2722,1,33.60142,73.04734,2.28,4.4,1.17,F-10
3000000,3,3,872,17,33.60924,73.02564,4.79,2.65,1.19,Gulberg
3000000,5,1,3495,21,33.55465,73.10647,6.67,3.67,1.47,G-11
3000000,4,1,2176,29,33.61075,73.10129,3.87,0.7,1.39,Saddar
3000000,2,1,2714,9,33.56705,73.11997,6.88,1.28,2.99,G-11
3000000,4,2,1893,6,33.55651,73.11966,7.56,3.57,1.68,Bahria Town
3000000,3,1,3272,19,33.64489,73.07554,4.98,0.45,0.36,PWD
3000000,2,3,3846,13,33.64656,73.0969,6.02,2.54,1.86,PWD
3000000,3,2,1507,3,33.63084,73.11448,6.16,3.08,0.54,G-11
3000000,3,3,2604,7,33.58046,73.10496,4.69,3.09,0.19,DHA
3000000,4,1,3408,22,33.55977,73.04473,5.22,0.31,2.92,DHA
3000000,3,1,3675,9,33.61842,73.06505,1.99,1.75,2.34,F-10
3000000,4,1,1755,22,33.59402,73.03292,3.95,3.26,2.94,F-10
3000000,2,2,3364,5,33.5622,73.11541,6.79,0.92,1.49,PWD
3000000,4,3,3275,10,33.59952,73.08062,1.42,3.54,1.64,Bahria Town
3000000,2,2,959,23,33.55344,73.04286,5.94,3.78,0.59,Gulberg
3000000,4,2,2996,17,33.64093,73.08717,4.95,4.91,0.82,Gulberg
3000000,5,1,3623,12,33.57588,73.08181,3.16,1.21,2.53,F-10
3000000,5,2,2535,23,33.61625,73.05582,2.19,4.16,1.13,Bahria Town
3000000,3,2,2385,16,33.58117,73.03136,4.6,2.7,2.5,F-10
3000000,4,1,866,3,33.60201,73.08716,2.14,1.99,2.16,Gulberg
3000000,4,2,3861,25,33.60467,73.07203,0.64,0.79,0.61,G-11
3000000,2,1,3228,22,33.56849,73.09723,4.84,3.73,1.57,F-10
3000000,3,1,857,9,33.64696,73.07202,5.15,1.33,2.06,Saddar
3000000,4,1,1141,29,33.62751,73.10522,5.1,1.98,0.78,G-11
3000000,3,1,1953,15,33.64395,73.07519,4.87,0.5,2.51,F-10
3000000,5,2,3574,5,33.63948,73.07609,4.4,4.05,1.68,PWD
3000000,4,1,1995,23,33.60979,73.10767,4.53,3.88,0.58,F-10
3000000,4,1,3617,13,33.64219,73.06035,4.68,3.72,1.79,PWD
3000000,3,2,3461,14,33.55885,73.0334,6.02,1.64,3.0,Bahria Town
3000000,4,2,2032,20,33.5696,73.02288,6.07,1.03,0.54,Gulberg
3000000,3,3,3201,15,33.55452,73.09551,5.97,3.26,2.47,G-11
3000000,4,2,2294,16,33.58253,73.08203,2.55,2.58,0.7,G-11
3000000,2,2,2621,23,33.58887,73.09041,2.82,1.06,2.37,DHA
3000000,3,3,915,13,33.57713,73.0413,3.94,3.49,2.23,DHA
3000000,4,2,1461,17,33.63287,73.03364,5.22,4.96,0.97,Gulberg
3000000,5,2,2265,23,33.58568,73.02145,5.42,3.79,1.04,DHA
3000000,4,2,3300,8,33.57809,73.05506,2.89,3.75,2.4,G-11
3000000,5,2,2668,21,33.60427,73.07899,1.29,4.76,1.44,F-10
3000000,5,3,3134,2,33.56409,73.05922,4.18,1.17,2.22,Bahria Town
3000000,2,2,1816,5,33.63022,73.06375,3.31,2.91,0.53,Bahria Town
3000000,3,2,1110,6,33.55746,73.11042,6.73,4.9,2.57,Gulberg
3000000,4,3,1007,12,33.64869,73.05483,5.52,0.99,2.16,DHA
3000000,2,1,3465,18,33.62722,73.0714,2.97,3.56,2.73,F-10
3000000,4,3,3293,22,33.56987,73.09837,4.81,3.01,0.48,Bahria Town
3000000,5,1,3517,22,33.55055,73.05965,5.64,3.02,1.82,Bahria Town
3000000,3,3,1432,1,33.63155,73.08221,3.77,3.55,1.84,Saddar
3000000,4,3,2902,17,33.62069,73.10624,4.8,4.66,1.13,Saddar
3000000,4,2,3759,11,33.6229,73.11495,5.77,3.96,1.43,G-11
3000000,5,1,3883,10,33.62713,73.03471,4.71,0.47,0.21,Bahria Town
3000000,4,2,1456,19,33.5574,73.11266,6.91,4.29,2.26,Gulberg
3000000,4,1,2223,14,33.58585,73.06921,1.66,1.28,1.69,PWD
3000000,5,3,2731,26,33.56159,73.04582,4.99,2.01,0.27,PWD
3000000,2,3,3827,10,33.63631,73.06591,3.96,2.42,2.07,F-10
3000000,5,1,3362,15,33.61233,73.118,5.71,2.51,1.45,Bahria Town
3000000,2,2,2479,28,33.58309,73.06926,1.96,2.29,0.2,Bahria Town
3000000,3,2,1036,19,33.55636,73.05288,5.2,4.7,2.91,G-11
3000000,2,2,1147,4,33.5811,73.08334,2.77,3.59,2.85,Bahria Town
3000000,2,2,3474,2,33.58252,73.04401,3.33,3.23,1.59,Gulberg
3000000,3,3,3975,9,33.62296,73.02759,5.11,0.44,0.37,Saddar
3000000,2,3,1429,10,33.61376,73.03289,4.15,4.54,2.29,Bahria Town
3000000,5,3,2340,28,33.63872,73.0328,5.74,4.57,1.53,Bahria Town
3000000,2,3,2803,11,33.59722,73.03519,3.65,3.95,0.98,G-11
3000000,3,3,2071,14,33.56196,73.03388,5.72,0.23,1.53,DHA
3000000,5,2,1163,7,33.62132,73.08409,2.91,0.47,1.62,G-11
3000000,3,2,3168,23,33.62608,73.03819,4.34,1.28,1.73,G-11
3000000,3,2,1085,15,33.60613,73.05457,1.6,0.83,1.38,Gulberg
3000000,4,2,948,22,33.6271,73.10968,5.49,2.11,1.86,F-10
3000000,4,3,1907,19,33.59938,73.0674,0.16,4.63,2.76,Bahria Town
3000000,3,3,3253,22,33.60227,73.08676,2.1,2.47,1.15,G-11
3000000,3,3,3825,15,33.59275,73.03723,3.52,0.26,2.2,G-11
3000000,3,1,1255,28,33.55254,73.03923,6.22,1.56,2.69,DHA
3000000,4,2,2566,24,33.56079,73.02409,6.58,0.41,1.42,G-11
3000000,4,2,1599,8,33.55314,73.03689,6.3,0.37,1.39,PWD
3000000,2,3,1984,11,33.61364,73.04786,2.65,1.52,1.85,F-10
3000000,2,2,1812,29,33.58144,73.0377,3.98,1.52,1.82,Bahria Town
3000000,3,2,3631,9,33.60086,73.02887,4.33,3.98,2.44,Bahria Town
3000000,5,3,3307,15,33.64076,73.03206,5.97,4.88,1.48,DHA
3000000,5,1,2323,1,33.57493,73.06608,2.87,1.98,2.99,Gulberg
3000000,4,1,3585,1,33.59104,73.04063,3.21,2.26,0.27,Bahria Town
3000000,4,1,3356,19,33.62556,73.05643,3.04,4.25,0.11,PWD
3000000,4,3,1280,3,33.57288,73.07034,3.1,1.49,1.96,Bahria Town
3000000,3,2,2486,10,33.5577,73.08904,5.32,0.95,0.97,PWD
3000000,5,3,2961,8,33.57898,73.02393,5.44,4.29,0.8,F-10
3000000,2,3,3596,15,33.56612,73.09994,5.23,0.42,1.0,F-10
3000000,3,2,2401,10,33.64297,73.08279,4.97,3.17,0.84,Saddar
3000000,2,1,3208,1,33.63081,73.02818,5.53,2.9,0.19,Saddar
3000000,2,1,1140,29,33.61334,73.10736,4.6,1.86,2.92,PWD
3000000,3,3,3617,18,33.63715,73.11209,6.36,1.71,0.74,Gulberg
3000000,2,1,2810,2,33.63037,73.02611,5.69,3.9,2.23,Bahria Town
3000000,5,3,3608,19,33.56866,73.04769,4.21,0.61,2.31,G-11
3000000,2,3,3816,13,33.63926,73.10062,5.61,1.34,2.79,Bahria Town
3000000,5,2,3296,22,33.60393,73.09483,3.01,3.72,0.19,Saddar
3000000,5,2,2666,1,33.63074,73.03845,4.67,2.83,2.63,G-11
3000000,5,2,1634,2,33.63961,73.04093,5.25,0.81,1.63,PWD
3000000,4,3,2003,29,33.5818,73.05705,2.42,4.43,1.93,G-11
3000000,2,2,2525,16,33.56101,73.06845,4.41,2.09,1.97,Bahria Town
3000000,3,1,2489,15,33.57279,73.08183,3.46,4.17,2.48,Bahria Town
3000000,3,1,1110,13,33.59271,73.05689,1.51,3.98,1.07,Gulberg
3000000,2,3,1061,16,33.6318,73.06625,3.46,3.2,2.23,DHA
3000000,4,3,2242,17,33.63607,73.09475,4.93,2.57,1.63,G-11
3000000,4,2,1205,21,33.5507,73.02367,7.41,4.9,2.4,Saddar
3000000,5,3,2990,29,33.60107,73.04524,2.52,0.9,2.97,Saddar
3000000,2,3,1141,29,33.59174,73.09133,2.78,3.68,0.68,DHA
3000000,2,1,2139,7,33.57221,73.10952,5.6,1.12,2.98,Bahria Town
3000000,3,1,3972,24,33.56199,73.07117,4.31,1.82,0.36,Gulberg
3000000,2,2,1043,26,33.58376,73.07321,1.97,1.68,0.11,Gulberg
3000000,4,3,1289,17,33.64429,73.03072,6.36,4.75,0.23,Saddar
3000000,2,3,811,7,33.58232,73.06474,2.07,4.84,1.09,Gulberg
3000000,3,1,1360,13,33.60188,73.07326,0.61,1.08,1.94,F-10
3157000,5,3,841,5,33.6203,73.04425,3.41,0.31,0.3,DHA
3000000,3,1,3525,26,33.58636,73.04692,2.82,3.66,0.12,Bahria Town
3000000,3,2,1393,17,33.64718,73.05773,5.28,2.21,2.82,F-10
3000000,5,1,2252,3,33.64624,73.02201,7.18,0.63,2.48,DHA
3000000,3,3,2626,7,33.57518,73.05221,3.33,3.48,2.45,PWD
3000000,3,2,2493,26,33.59972,73.04114,2.97,2.82,2.66,G-11
3000000,2,1,933,17,33.58009,73.05275,2.84,4.91,2.13,Saddar
3000000,2,1,3938,7,33.57848,73.03198,4.69,1.29,0.4,Gulberg
3000000,5,2,3878,21,33.55369,73.10905,6.94,2.14,1.26,PWD
3000000,2,2,1747,1,33.61096,73.07936,1.71,2.8,2.2,Gulberg
3000000,2,1,872,17,33.60027,73.08791,2.22,4.0,0.91,F-10
3000000,3,3,1198,17,33.55515,73.09892,6.12,2.83,2.09,Bahria Town
3000000,4,1,2228,11,33.57786,73.06984,2.54,3.14,0.17,Bahria Town
3000000,2,2,3425,25,33.64083,73.02869,6.23,1.29,0.99,Bahria Town
3000000,4,1,3706,27,33.57396,73.07371,3.04,4.27,1.69,Gulberg
3000000,2,2,929,29,33.56449,73.07868,4.19,2.26,1.93,PWD
3000000,2,2,3778,3,33.59895,73.09454,2.96,0.88,1.77,Bahria Town
3000000,5,3,2611,15,33.64857,73.06317,5.34,3.39,2.12,PWD
3000000,5,2,2801,29,33.57421,73.03276,4.89,1.24,0.12,Gulberg
3000000,5,2,1065,21,33.61721,73.04838,2.84,0.67,0.39,F-10
3000000,4,3,2360,11,33.62616,73.05631,3.11,4.34,2.62,PWD
3000000,3,2,2785,26,33.57376,73.08459,3.52,2.41,2.08,F-10
3000000,2,3,1592,28,33.62282,73.07708,2.66,3.8,0.43,Gulberg
3000000,2,3,3100,16,33.58678,73.05561,2.06,1.59,2.54,Gulberg
3000000,2,2,3669,25,33.61323,73.11865,5.8,3.98,0.8,Saddar
3000000,4,2,2112,22,33.61335,73.08058,1.99,0.74,1.49,Gulberg
3000000,5,1,963,28,33.60358,73.04372,2.7,1.91,0.52,Gulberg
3000000,3,3,894,9,33.55903,73.03018,6.24,4.89,2.16,DHA
3000000,4,1,2605,24,33.63353,73.03529,5.14,4.01,2.03,Bahria Town
3000000,5,2,3680,24,33.58208,73.0446,3.31,2.59,0.71,Saddar
3000000,4,1,1933,1,33.56865,73.03607,5.01,1.83,2.6,G-11
3000000,3,3,3183,29,33.55408,73.03866,6.11,4.39,1.26,Saddar
3000000,5,1,1621,25,33.60909,73.04851,2.35,2.82,0.95,Saddar
3000000,4,3,1037,22,33.61776,73.03734,3.88,3.84,0.54,G-11
3000000,3,2,3228,16,33.55166,73.10968,7.15,3.82,0.87,DHA
3000000,2,2,3746,9,33.60121,73.02802,4.43,0.29,0.16,F-10
3000000,3,3,3330,19,33.57265,73.07245,3.15,0.81,1.79,Gulberg
3000000,2,2,2760,12,33.61452,73.06104,1.71,3.37,2.54,Bahria Town
3000000,4,2,3749,19,33.56744,73.11824,6.7,0.98,1.69,PWD
3000000,5,2,1848,22,33.61909,73.0312,4.56,1.43,0.74,G-11
3000000,5,2,2476,9,33.58867,73.05979,1.61,4.74,0.2,F-10
3000000,4,3,3988,7,33.64367,73.11695,7.24,2.89,0.72,G-11
3000000,5,1,3329,14,33.56375,73.10655,5.94,3.8,1.31,Gulberg
3000000,5,1,3764,29,33.58411,73.10171,4.18,2.88,2.3,DHA
3000000,2,2,3841,19,33.56135,73.04579,5.01,2.85,0.64,G-11
3000000,4,1,1763,19,33.64247,73.03709,5.76,0.65,2.19,Gulberg
3000000,3,1,1336,2,33.63773,73.08686,4.62,1.85,2.61,Gulberg
3000000,2,2,3950,9,33.57579,73.11294,5.71,1.56,1.42,DHA
3000000,4,2,2403,13,33.616,73.07568,1.9,2.08,2.48,Saddar
3000000,2,1,2779,15,33.63172,73.07716,3.59,4.03,1.71,Saddar
3000000,3,3,3883,3,33.60552,73.048,2.27,1.99,1.95,Bahria Town
3000000,3,2,927,11,33.60297,73.09695,3.23,2.37,1.63,Bahria Town
3000000,4,3,891,21,33.57419,73.0387,4.38,2.11,1.44,Saddar
3000000,3,1,1342,14,33.55931,73.05237,4.91,0.65,0.78,F-10
3000000,2,2,1645,25,33.63972,73.06254,4.37,2.32,0.98,PWD
3000000,3,3,2481,8,33.64004,73.07076,4.38,1.14,0.94,Gulberg
3000000,2,2,3836,18,33.61331,73.04424,2.98,1.1,1.73,PWD
3000000,2,1,2651,19,33.5839,73.03148,4.45,0.65,0.45,Gulberg
3000000,3,3,3294,16,33.58492,73.08106,2.28,1.91,2.76,Saddar
3000000,4,1,1189,2,33.6226,73.04886,3.22,3.84,2.19,Bahria Town
3000000,5,1,3519,8,33.63971,73.07812,4.48,1.53,1.26,F-10
3000000,3,2,2684,22,33.63871,73.03544,5.55,1.7,0.56,Bahria Town
3000000,2,3,842,6,33.62799,73.06811,3.03,3.28,2.66,PWD
3000000,2,1,1053,12,33.6142,73.07326,1.61,1.14,2.49,Bahria Town
3000000,3,1,1883,15,33.55841,73.02518,6.67,4.51,2.19,Saddar
3000000,4,3,3510,25,33.56616,73.05366,4.15,2.7,0.89,F-10
3000000,4,1,3314,8,33.63986,73.03344,5.79,2.35,1.27,PWD
3000000,2,1,3134,4,33.61064,73.02634,4.74,2.88,0.4,F-10
3000000,2,3,3858,15,33.55092,73.119,7.92,1.0,0.65,Gulberg
3000000,4,3,2340,28,33.56015,73.05224,4.83,3.14,2.37,Bahria Town
3000000,5,3,2753,20,33.61635,73.10099,4.06,1.94,2.17,F-10
3000000,3,3,3625,25,33.55051,73.04546,6.1,4.51,1.82,DHA
3000000,2,2,3192,17,33.56608,73.08815,4.45,1.01,2.7,Bahria Town
3000000,2,3,1441,13,33.60487,73.09602,3.16,2.63,1.79,Gulberg
3000000,4,2,3229,18,33.61919,73.07956,2.43,3.07,1.45,F-10
3000000,3,2,1489,2,33.6152,73.06716,1.61,0.36,1.09,PWD
3000000,4,2,2076,13,33.57243,73.06118,3.23,1.95,2.83,Gulberg
3000000,3,1,2750,13,33.62122,73.05489,2.7,3.72,0.34,DHA
3000000,3,2,1879,22,33.57372,73.11295,5.83,4.14,2.8,F-10
3000000,3,2,2286,15,33.58254,73.10306,4.39,1.7,2.5,G-11
3000000,2,1,1256,20,33.62465,73.1165,6.01,4.03,0.48,G-11
3000000,5,1,1782,29,33.61496,73.03243,4.24,4.85,1.74,Saddar
3000000,4,1,2930,27,33.63492,73.09309,4.72,4.31,2.61,Bahria Town
3000000,5,3,1922,10,33.61576,73.11383,5.37,0.76,1.76,PWD
3000000,4,1,948,29,33.60683,73.03812,3.37,3.75,2.73,Saddar
3000000,3,1,2152,3,33.55937,73.02665,6.48,1.73,2.83,F-10
3000000,2,2,1979,19,33.58677,73.09411,3.29,4.94,1.32,G-11
3000000,5,1,989,3,33.57652,73.07745,2.89,2.53,1.19,G-11
3000000,2,3,1682,22,33.5744,73.10418,4.97,0.79,2.82,G-11
3000000,4,1,3110,14,33.6473,73.03398,6.4,3.68,2.06,F-10
3000000,2,3,3951,8,33.58931,73.09953,3.73,1.75,0.44,G-11
3000000,2,1,1199,27,33.6392,73.04016,5.27,4.99,0.22,Gulberg
3000000,5,1,3611,23,33.61311,73.03637,3.76,4.9,1.74,F-10
3000000,3,1,1408,4,33.62948,73.03643,4.73,3.35,2.8,PWD
3000000,2,1,2595,27,33.60026,73.10146,3.73,0.82,2.55,Saddar
3000000,3,3,2438,28,33.60769,73.08652,2.21,3.5,2.06,PWD
3000000,4,3,2375,20,33.59925,73.07231,0.51,0.65,0.5,DHA
3000000,2,2,3632,11,33.56952,73.05588,3.71,0.34,0.84,G-11
3000000,5,3,2948,26,33.62225,73.10772,5.03,4.15,2.64,DHA
3000000,4,1,2182,11,33.57808,73.05924,2.69,1.21,0.63,Bahria Town
3000000,4,2,2203,27,33.55243,73.10166,6.54,2.02,0.91,Bahria Town
3000000,5,2,1619,11,33.61455,73.06391,1.6,4.87,0.48,DHA
3000000,2,2,1619,2,33.56771,73.05769,3.83,1.82,2.06,F-10
3000000,2,1,1219,17,33.64405,73.06627,4.81,1.62,2.84,PWD
3000000,4,3,923,9,33.64539,73.05014,5.34,4.61,0.88,DHA
3000000,2,1,1221,28,33.64149,73.09476,5.42,0.73,1.48,Bahria Town
3000000,3,2,3934,28,33.58702,73.07027,1.54,3.85,1.94,DHA
3000000,5,1,2308,2,33.55155,73.04322,6.11,4.94,3.0,F-10
3000000,3,1,2397,29,33.64283,73.10996,6.61,4.53,0.4,DHA
3000000,2,3,1567,24,33.59282,73.05839,1.37,3.33,1.55,PWD
3000000,4,3,2844,15,33.64667,73.07436,5.15,1.71,1.22,Saddar
3000000,5,2,3330,16,33.64636,73.11065,6.94,1.42,2.61,F-10
3000000,2,1,3366,25,33.6353,73.08242,4.17,4.13,1.48,Bahria Town
3000000,2,1,3002,4,33.57944,73.03169,4.66,4.42,0.42,PWD
3000000,4,3,2939,8,33.58851,73.11398,5.29,2.72,1.94,DHA
3000000,4,1,3829,9,33.63511,73.08277,4.16,1.37,2.34,DHA
3000000,3,1,2349,26,33.58169,73.05349,2.65,0.74,0.11,Saddar
3000000,5,1,3302,26,33.56695,73.03393,5.32,0.62,2.59,Bahria Town
3000000,5,3,2564,5,33.60568,73.0994,3.54,3.65,0.64,Bahria Town
3000000,4,2,2844,16,33.64362,73.08201,5.01,2.22,1.7,Gulberg
3000000,3,2,3445,13,33.6196,73.07335,2.18,4.55,1.31,Bahria Town
3000000,5,1,1309,7,33.60701,73.10939,4.66,3.75,2.19,Saddar
3000000,4,2,2006,26,33.55972,73.09886,5.7,1.12,1.18,G-11
3000000,2,3,1185,20,33.6115,73.03517,3.83,3.15,2.62,Gulberg
3000000,5,3,2397,17,33.64901,73.05117,5.67,2.29,2.22,Gulberg
3000000,3,2,3252,3,33.56401,73.04485,4.81,2.97,1.98,DHA
3000000,3,2,3093,5,33.60183,73.09439,2.94,3.74,2.41,DHA
3000000,3,1,1541,19,33.63774,73.02335,6.43,4.07,2.29,Bahria Town
3000000,2,2,3508,12,33.62408,73.07699,2.78,4.25,0.2,Gulberg
3000000,5,1,3497,29,33.6197,73.09625,3.79,1.42,1.24,DHA
3000000,5,1,2711,27,33.62025,73.10768,4.92,0.35,2.8,Saddar
3000000,2,3,2246,7,33.58595,73.05421,2.23,3.75,0.46,DHA
3000000,5,3,1700,28,33.57936,73.10213,4.48,0.71,2.24,F-10
3000000,2,3,2912,9,33.63094,73.03106,5.29,1.71,2.93,F-10
3000000,2,3,3884,28,33.63101,73.10465,5.29,0.22,0.25,DHA
3000000,2,2,3060,6,33.63671,73.03275,5.59,3.47,2.08,Gulberg
3000000,3,3,2809,29,33.64132,73.05973,4.6,1.0,1.46,G-11
3000000,5,2,1041,26,33.60113,73.09973,3.53,3.35,1.78,G-11
3000000,2,3,3340,17,33.60015,73.03499,3.65,4.96,0.35,Gulberg
3000000,5,2,3185,16,33.62983,73.04293,4.26,0.55,0.22,PWD
3000000,3,1,2820,23,33.615,73.09223,3.13,0.57,2.03,G-11
3000000,2,2,972,3,33.6202,73.092,3.44,1.83,2.49,F-10
3000000,4,2,1471,21,33.62958,73.08411,3.68,4.36,2.37,Saddar
3000000,3,3,963,26,33.639,73.08939,4.88,1.23,1.68,Gulberg
3000000,4,2,1264,4,33.5838,73.07427,2.0,1.93,0.39,Bahria Town
3000000,5,1,3842,10,33.58756,73.04518,2.91,0.53,2.1,F-10
3000000,5,1,1296,5,33.5594,73.05457,4.82,3.86,0.8,Saddar
3000000,3,3,1499,21,33.60783,73.03816,3.39,2.16,2.74,Saddar
3000000,5,1,3242,22,33.55359,73.11085,7.08,3.84,2.53,Gulberg
3000000,4,2,1502,10,33.59656,73.07834,1.25,4.54,2.16,Saddar
3000000,2,1,2740,12,33.60426,73.06009,0.95,1.32,2.85,Gulberg
3000000,2,3,3155,10,33.57865,73.0662,2.45,4.08,0.19,G-11
3000000,2,2,2591,29,33.60908,73.11473,5.28,0.48,2.23,DHA
3000000,3,3,982,13,33.55305,73.03534,6.41,4.51,1.06,F-10
3000000,5,2,1428,11,33.55373,73.07862,5.35,3.32,2.73,PWD
3000000,4,1,3357,22,33.63226,73.07059,3.52,4.4,0.87,DHA
3000000,5,3,2531,16,33.58602,73.08115,2.19,0.2,2.2,F-10
3000000,5,3,1345,8,33.56271,73.02181,6.63,1.01,2.65,Gulberg
3000000,5,2,2387,8,33.60222,73.10721,4.37,2.07,0.22,F-10
3000000,2,3,1423,27,33.627,73.11321,5.82,2.02,1.25,G-11
3000000,4,2,1393,25,33.57158,73.07651,3.37,1.29,2.31,Gulberg
3000000,4,2,1543,8,33.61229,73.08967,2.74,2.03,1.42,DHA
3000000,5,2,2568,13,33.55853,73.11225,6.79,0.82,0.88,Bahria Town
3000000,2,2,2259,27,33.55517,73.09072,5.65,2.18,0.74,Bahria Town
3000000,2,1,2748,2,33.60314,73.03525,3.63,4.05,0.48,F-10
3000000,4,2,3401,12,33.60406,73.07763,1.14,2.5,2.59,Bahria Town
3000000,2,3,2868,10,33.61374,73.08067,2.03,0.29,1.77,Gulberg
3000000,2,1,3401,12,33.62261,73.06241,2.51,2.22,0.32,Saddar
3000000,2,3,3244,11,33.64759,73.09364,5.94,0.33,1.21,Gulberg
3000000,3,1,3472,15,33.60163,73.11344,5.06,4.84,1.17,Saddar
3000000,5,2,904,16,33.5823,73.11256,5.36,0.81,0.63,DHA
3000000,4,1,3039,17,33.62952,73.06508,3.21,3.6,1.36,PWD
3000000,4,1,816,26,33.57708,73.03132,4.83,4.87,1.06,Saddar
3000000,3,3,3991,2,33.5939,73.11848,5.67,4.16,1.09,Bahria Town
3000000,5,3,1192,18,33.55785,73.10389,6.21,3.56,2.24,Gulberg
3000000,4,2,1224,12,33.55254,73.03247,6.64,4.23,0.75,DHA
3000000,2,1,2976,19,33.64626,73.11208,7.05,4.91,1.96,Bahria Town
3000000,4,1,1371,26,33.6336,73.10699,5.67,3.18,1.75,DHA
3000000,2,1,2876,23,33.6196,73.07188,2.14,2.88,1.75,PWD
3000000,3,2,1920,18,33.5909,73.07913,1.65,3.22,2.02,G-11
3000000,2,2,3881,17,33.56733,73.0599,3.81,2.76,1.69,Gulberg
3000000,4,2,1041,6,33.56564,73.02548,6.11,3.25,2.65,F-10
3000000,4,2,3079,25,33.57502,73.05352,3.27,2.36,2.06,Gulberg
3000000,4,2,1588,15,33.60492,73.10029,3.63,1.25,1.69,PWD
3000000,3,3,1514,3,33.62146,73.02046,5.75,0.78,2.51,Gulberg
3000000,3,1,1558,6,33.61602,73.05335,2.35,0.53,1.86,F-10
3000000,5,1,3649,3,33.57799,73.05982,2.68,1.46,0.94,Saddar
3000000,4,1,1575,29,33.64549,73.07374,5.01,0.42,0.7,DHA
3000000,2,1,3573,1,33.62379,73.11199,5.52,2.92,0.54,F-10
3000000,3,1,3047,13,33.60544,73.05463,1.56,1.56,2.71,Bahria Town
3000000,4,1,3792,28,33.61117,73.0547,1.87,4.16,2.16,PWD
3000000,4,1,878,21,33.59196,73.09375,3.03,0.56,2.82,Saddar
3000000,3,1,3803,26,33.57477,73.06522,2.89,1.29,1.85,Bahria Town
3000000,5,3,1655,14,33.5856,73.04246,3.28,3.71,1.47,Bahria Town
3000000,3,1,3314,13,33.62578,73.06524,2.8,3.07,0.27,PWD
3000000,3,3,3428,27,33.55144,73.03409,6.63,0.51,2.05,Saddar
3000000,2,2,2239,4,33.56161,73.03764,5.49,4.41,1.79,G-11
3000000,2,1,3787,7,33.5546,73.06984,5.12,4.41,2.97,Bahria Town
3000000,5,2,3296,22,33.55407,73.06189,5.22,1.79,0.79,Bahria Town
3000000,4,2,2934,10,33.63555,73.11148,6.19,1.83,1.64,Saddar
3000000,3,2,2948,7,33.62037,73.05624,2.54,4.95,1.99,Gulberg
3000000,5,3,1831,21,33.59742,73.07806,1.19,3.21,1.97,Bahria Town
3000000,2,2,1644,15,33.55978,73.08323,4.85,2.75,1.73,DHA
3000000,3,2,886,15,33.59916,73.02131,5.17,4.22,2.35,Saddar
3015000,4,2,2890,4,33.59735,73.08635,2.08,1.57,0.69,Bahria Town
3000000,2,1,1207,23,33.56732,73.0378,4.99,2.26,2.2,PWD
3000000,2,1,3511,23,33.59339,73.11611,5.41,1.49,1.9,F-10
3000000,2,3,3888,6,33.58985,73.03487,3.86,3.99,2.7,DHA
3000000,5,3,2468,24,33.61159,73.06146,1.4,2.95,2.56,F-10
3000000,4,1,947,20,33.61351,73.02853,4.6,3.36,1.01,F-10
3000000,3,3,3124,26,33.55453,73.11969,7.7,1.41,0.9,Bahria Town
3000000,5,1,1031,5,33.58746,73.07022,1.49,1.26,2.95,DHA
3000000,5,2,2750,20,33.61259,73.07954,1.85,2.54,1.63,DHA
3000000,5,2,1165,12,33.60031,73.02671,4.57,3.74,2.73,Gulberg
3000000,2,3,2474,1,33.63565,73.095,4.91,2.72,0.58,F-10
3000000,4,1,1235,28,33.61587,73.04099,3.43,0.36,1.96,DHA
3000000,5,1,1198,8,33.56629,73.10981,6.02,4.37,2.45,Gulberg
3000000,3,3,2034,1,33.55706,73.04051,5.72,0.51,2.85,Saddar
3000000,4,1,2214,5,33.61424,73.03907,3.54,4.79,1.08,Gulberg
3000000,3,2,3346,22,33.55265,73.02365,7.25,0.32,2.2,PWD
3000000,4,3,3387,6,33.60858,73.06721,0.88,3.53,1.66,G-11
3000000,3,3,1362,29,33.64402,73.07648,4.9,0.59,0.28,Bahria Town
3000000,2,1,3289,21,33.60755,73.02657,4.65,4.57,2.1,Saddar
3000000,5,3,2084,3,33.58882,73.09755,3.55,2.43,2.1,G-11
3000000,3,1,1572,15,33.61433,73.06533,1.54,0.86,2.8,G-11
3000000,4,1,3197,5,33.59583,73.07244,0.74,1.84,1.54,Saddar
3000000,5,1,2837,28,33.60456,73.06408,0.6,0.99,0.77,PWD
3000000,5,1,3367,24,33.64415,73.06008,4.9,1.02,0.23,Gulberg
3000000,4,1,2143,14,33.58861,73.07596,1.61,4.75,1.31,Bahria Town
3000000,3,3,2985,18,33.64612,73.03552,6.19,2.34,0.98,Gulberg
3000000,2,2,2373,16,33.64054,73.03819,5.52,3.99,2.31,DHA
3000000,2,2,1791,6,33.56958,73.10618,5.48,3.27,1.13,Gulberg
3000000,3,3,3215,25,33.55694,73.11461,7.11,3.45,2.85,Saddar
3000000,5,3,2046,24,33.56008,73.05733,4.66,0.83,2.89,Bahria Town
3000000,5,2,1159,14,33.55182,73.04707,5.9,1.32,1.9,Gulberg
3000000,5,2,1720,27,33.55944,73.0844,4.93,3.98,2.79,Bahria Town
3000000,5,2,3176,24,33.6183,73.06087,2.1,4.86,2.31,Bahria Town
3000000,3,2,3809,8,33.55712,73.02254,6.98,1.46,1.69,DHA
3000000,5,2,3310,29,33.5819,73.03562,4.15,1.5,0.62,DHA
3000000,4,1,3793,7,33.63449,73.0916,4.58,2.47,1.43,Saddar
3000000,5,3,1762,8,33.55233,73.08589,5.73,4.92,1.73,PWD
3000000,2,1,2627,13,33.63145,73.02271,6.07,1.49,2.61,G-11
3000000,5,2,3683,6,33.57819,73.0422,3.79,2.15,1.5,Bahria Town
3000000,3,2,2413,18,33.56182,73.04311,5.12,4.48,2.7,PWD
3000000,2,2,2440,2,33.61967,73.08719,3.0,0.21,2.06,G-11
3000000,3,1,3016,8,33.61289,73.02197,5.27,0.39,0.5,G-11
3000000,3,1,1016,11,33.63775,73.03041,5.85,3.1,2.99,Saddar
3000000,2,2,1177,1,33.62351,73.09999,4.37,4.56,1.63,G-11
3000000,3,1,918,22,33.63035,73.03785,4.69,1.35,1.24,G-11
3000000,3,1,989,29,33.5782,73.08527,3.16,2.45,2.01,Bahria Town
3000000,5,2,3614,6,33.56774,73.04382,4.53,2.36,0.42,Bahria Town
3000000,4,1,1169,16,33.62506,73.02994,5.01,2.47,1.95,F-10
3000000,3,3,2601,27,33.63068,73.04432,4.23,3.19,1.54,PWD
3000000,3,3,2996,20,33.64905,73.09223,6.01,2.45,1.28,Gulberg
3000000,3,3,1451,12,33.59126,73.10557,4.31,2.35,2.86,DHA
3000000,5,3,2682,11,33.5872,73.10302,4.18,2.48,1.62,Gulberg
3000000,4,2,2311,29,33.62764,73.05972,3.13,3.04,0.74,PWD
3000000,2,2,1569,27,33.58408,73.08681,2.79,2.78,1.43,DHA
3000000,5,2,3221,29,33.64308,73.0405,5.6,4.3,2.77,Gulberg
3000000,5,3,1580,10,33.63584,73.04931,4.41,0.44,0.61,F-10
3000000,4,3,2516,3,33.5929,73.10963,4.71,4.2,0.72,DHA
3000000,4,1,3007,13,33.62509,73.0213,5.84,4.25,0.14,Bahria Town
3000000,5,1,3198,27,33.62545,73.02855,5.16,1.57,0.14,Gulberg
3000000,2,3,2111,3,33.56031,73.04079,5.4,2.42,2.51,DHA
3000000,5,3,3739,15,33.64026,73.02265,6.67,2.3,2.22,F-10
3000000,4,3,2049,16,33.60053,73.03814,3.3,1.25,1.13,G-11
3000000,2,3,1322,29,33.63265,73.0783,3.73,2.1,2.13,DHA
3000000,4,1,1321,13,33.582,73.06214,2.17,0.41,1.25,DHA
3000000,2,3,1582,17,33.63955,73.10927,6.3,1.53,2.86,F-10
3000000,3,1,3120,3,33.58892,73.10174,3.98,4.12,2.9,G-11
3000000,4,3,1735,20,33.55108,73.05418,5.71,1.57,1.24,Gulberg
3000000,4,3,3030,11,33.64054,73.04594,5.05,4.13,2.58,Saddar
3000000,5,3,2488,27,33.55913,73.05797,4.74,2.75,2.34,Gulberg
3000000,4,1,1287,21,33.58193,73.07903,2.42,4.42,1.0,G-11
3000000,4,1,2650,19,33.64501,73.04681,5.45,2.96,0.77,PWD
3000000,3,2,1645,22,33.64506,73.08241,5.18,0.34,1.43,F-10
3000000,4,3,2971,11,33.60734,73.06094,1.07,3.44,2.37,Gulberg
3000000,3,2,3832,28,33.61318,73.0752,1.61,0.42,2.88,DHA
3000000,3,2,3637,16,33.59484,73.06361,0.81,2.36,2.31,F-10
3000000,3,1,3261,21,33.57932,73.04945,3.13,4.66,2.58,Bahria Town
3000000,3,1,2803,3,33.58287,73.11485,5.57,0.99,1.85,G-11
3000000,2,2,2548,22,33.61725,73.09636,3.65,2.07,2.52,Gulberg
3000000,5,3,1485,6,33.62524,73.03401,4.64,3.7,2.37,F-10
3000000,2,1,2960,14,33.62916,73.10685,5.35,4.43,1.19,Gulberg
3000000,4,3,3735,24,33.62896,73.06874,3.14,3.42,1.7,F-10
3000000,2,3,2969,18,33.55912,73.10946,6.53,1.44,2.43,DHA
3000000,2,2,2367,17,33.59944,73.09999,3.56,3.44,0.23,Bahria Town
3000000,4,2,2045,4,33.55576,73.06252,5.02,1.62,2.44,Bahria Town
3000000,4,2,838,23,33.60495,73.02225,5.09,3.65,0.62,PWD
3000000,4,2,3344,15,33.59415,73.04687,2.45,4.78,1.59,F-10
3000000,2,1,1579,11,33.63877,73.07416,4.28,3.66,2.44,Gulberg
3000000,2,1,2056,26,33.58509,73.08335,2.44,4.34,0.84,Bahria Town
3000000,4,2,3790,3,33.56171,73.04579,4.98,0.21,0.81,G-11
3000000,5,1,2996,3,33.5643,73.03394,5.53,3.64,1.27,Bahria Town
3000000,5,2,3869,16,33.62615,73.10349,4.86,4.18,2.69,Saddar
3000000,3,3,3508,5,33.61182,73.11844,5.74,0.39,0.1,Saddar
3000000,4,3,2727,21,33.56011,73.07257,4.53,4.38,2.71,Bahria Town
3000000,3,3,1101,29,33.55841,73.03717,5.8,1.43,0.55,F-10
3000000,5,2,3085,10,33.6201,73.04723,3.15,3.39,2.97,PWD
3000000,3,3,1446,19,33.55728,73.02184,7.03,4.04,2.87,Bahria Town
3000000,4,1,1462,25,33.63219,73.11143,5.96,3.38,1.53,DHA
3000000,4,3,3083,4,33.62062,73.03178,4.58,0.64,1.59,Gulberg
3000000,4,3,2559,29,33.55813,73.07765,4.85,3.06,1.5,PWD
3000000,2,3,3050,29,33.55848,73.04741,5.21,2.84,1.94,DHA
3000000,3,1,1055,19,33.64866,73.07542,5.39,4.52,0.36,PWD
3000000,5,2,1397,11,33.58743,73.08514,2.42,2.14,0.19,DHA
3000000,5,1,1461,2,33.58706,73.10297,4.18,1.74,0.27,Gulberg
3000000,5,2,1034,10,33.63128,73.04064,4.55,3.8,1.39,Gulberg
3000000,2,2,2168,29,33.64472,73.0211,7.13,2.18,0.9,Saddar
3000000,2,3,3381,11,33.6486,73.03369,6.53,3.3,1.9,F-10
3000000,4,2,3707,25,33.62534,73.11,5.41,3.3,2.98,DHA
3000000,5,1,1569,20,33.58763,73.10739,4.62,4.46,1.22,Saddar
3000000,2,1,3388,16,33.55835,73.07974,4.88,3.07,1.76,DHA
3000000,4,2,1012,19,33.62771,73.08005,3.29,2.61,1.31,Saddar
3000000,5,3,1262,23,33.60584,73.0865,2.14,0.87,2.56,Gulberg
3000000,3,3,3283,24,33.59242,73.03754,3.49,0.76,2.72,PWD
3000000,4,1,1082,11,33.64064,73.11144,6.56,0.94,2.64,G-11
3000000,2,3,2286,14,33.56112,73.06188,4.44,1.02,2.93,Saddar
3000000,2,2,2230,2,33.59926,73.05831,1.08,3.26,0.18,DHA
3000000,4,2,887,23,33.55114,73.07189,5.52,3.76,2.54,DHA
3000000,4,1,1867,28,33.59687,73.0247,4.81,2.74,2.28,G-11
3000000,2,2,1260,5,33.55563,73.03663,6.09,4.18,0.76,F-10
3000000,3,1,3125,27,33.56188,73.0938,5.18,4.96,2.87,Gulberg
3000000,5,2,3268,5,33.56175,73.02828,6.17,4.14,0.53,DHA
3000000,3,1,2524,19,33.61492,73.08032,2.1,3.54,2.07,Bahria Town
3000000,4,3,2176,21,33.6246,73.04453,3.71,2.76,0.75,PWD
3000000,3,2,3543,12,33.60834,73.05893,1.31,2.35,1.35,Saddar
3000000,2,2,1314,18,33.64622,73.04887,5.48,0.61,2.19,F-10
3000000,4,1,1502,4,33.58749,73.05557,2.01,2.12,1.73,G-11
3000000,5,1,2453,22,33.57857,73.0919,3.62,4.57,1.34,PWD
3000000,2,2,2866,17,33.63686,73.04971,4.49,4.08,1.05,Gulberg
3000000,2,1,822,10,33.57236,73.07664,3.29,1.24,2.54,F-10
3000000,5,2,3260,20,33.64632,73.06761,5.06,2.44,0.52,Saddar
3000000,5,3,1853,6,33.55122,73.08637,5.86,4.12,1.35,Saddar
3000000,3,1,2630,25,33.64699,73.11368,7.23,0.52,2.72,G-11
3000000,4,2,2955,14,33.55432,73.09326,5.87,2.06,2.55,Bahria Town
3000000,5,3,2104,11,33.63911,73.04149,5.17,4.29,1.26,G-11
3000000,5,3,3999,11,33.60277,73.02312,4.98,2.14,2.31,Gulberg
3000000,4,2,1934,29,33.6493,73.04623,5.91,0.57,2.49,F-10
3000000,5,1,2983,18,33.55738,73.07951,4.98,2.8,2.68,F-10
3000000,5,2,1161,27,33.60539,73.02514,4.77,4.34,1.68,DHA
3000000,3,3,2976,23,33.64693,73.06964,5.14,3.03,0.69,Bahria Town
3000000,2,2,2699,22,33.60231,73.07968,1.32,1.29,0.84,Bahria Town
3000000,2,1,2084,18,33.61294,73.05342,2.1,2.04,0.96,F-10
3000000,2,3,1314,24,33.61957,73.09709,3.86,2.36,1.82,F-10
3000000,2,2,1248,23,33.59545,73.03066,4.17,2.98,0.2,PWD
3000000,5,1,2723,11,33.61276,73.02751,4.68,3.84,1.94,PWD
3000000,4,3,3975,21,33.60843,73.09282,2.9,0.67,1.16,PWD
3000000,4,1,2306,12,33.64012,73.06955,4.38,4.47,0.96,Bahria Town
3000000,3,3,2047,5,33.55454,73.08884,5.63,0.26,2.65,DHA
3000000,3,2,2655,23,33.5781,73.06348,2.56,1.98,1.43,Saddar
3000000,5,1,1673,9,33.64504,73.04464,5.56,0.33,0.38,PWD
3000000,4,3,3320,27,33.63903,73.10191,5.69,2.09,2.5,DHA
3000000,4,1,3881,25,33.59557,73.09994,3.6,2.72,0.24,G-11
3000000,2,1,2228,9,33.61201,73.08947,2.7,2.66,2.21,Gulberg
3000000,5,2,3149,22,33.57774,73.04721,3.43,1.0,2.34,PWD
3000000,5,1,3078,10,33.56881,73.07902,3.75,3.3,1.12,G-11
3000000,2,3,2554,22,33.59637,73.0561,1.4,0.41,2.49,Saddar
3000000,5,3,1722,19,33.58534,73.02916,4.63,3.86,1.6,Gulberg
3000000,5,3,3937,1,33.60837,73.11173,4.94,4.74,1.44,Gulberg
3000000,3,3,3784,7,33.55777,73.03368,6.09,1.83,0.23,Saddar
3000000,4,2,2959,4,33.64744,73.11502,7.37,2.68,0.94,PWD
3000000,5,1,1836,1,33.64862,73.0646,5.33,2.02,2.8,Bahria Town
